PATIENT_ID,CHEK1,CHEK2,ATM,ATR,BAD,BAX,RAD51,BCL2,BCL2L1,BRCA1,BRCA2,TP53,PALB2,BRIP1
TCGA-04-1331,4.5392,3.0698,1.035,1.0738,7.7297,19.2944,2.0687,1.9036,30.3452,2.7641,0.4911,3.7684,3.4377,5.3687
TCGA-04-1332,5.0701,5.7115,1.6226,0.7643,23.0521,18.156,5.7876,1.0333,39.0332,0.8429,0.603,34.4008,1.4767,0.6374
TCGA-04-1337,1.3885,2.0183,1.2066,1.2402,16.3723,19.675,1.7282,0.61,142.1604,0.6907,0.3692,25.103,2.1414,0.5157
TCGA-04-1338,3.9722,2.1924,1.6607,0.694,9.7485,24.5851,4.2154,0.4916,59.7109,1.5313,0.578,48.1514,2.1277,0.6371
TCGA-04-1341,3.2523,2.5584,0.5063,1.0638,22.5595,15.5242,4.1453,0.1988,67.8788,2.1453,0.3426,15.1007,2.1726,0.9726
TCGA-04-1343,3.4614,5.0479,1.2153,1.4542,60.8213,24.0961,1.6491,0.3447,67.9627,0.7182,0.2671,7.5709,2.15,0.2885
TCGA-04-1347,3.8735,4.9087,1.0479,0.8366,19.1379,22.1993,2.0649,0.8454,60.5039,0.9731,0.1711,47.2241,3.7353,0.6607
TCGA-04-1348,4.0267,4.6385,0.9523,1.3396,10.095,15.5999,13.2115,0.5171,51.6446,1.9065,1.7029,46.5612,4.2797,1.1501
TCGA-04-1350,7.0855,5.2368,2.4303,1.0315,18.7905,8.9571,2.1656,3.9556,50.2912,0.9889,0.8084,50.8309,2.0406,0.4884
TCGA-04-1356,4.0075,7.4712,1.1105,0.9438,14.7485,17.3696,6.3838,0.4031,39.4236,0.8184,1.2046,37.0039,4.2356,1.5402
TCGA-04-1357,2.7429,2.6216,1.9667,0.9992,9.8139,17.0798,2.6833,2.7012,47.048,0.5095,0.4883,7.1514,3.1239,0.4802
TCGA-04-1361,7.3553,3.5235,1.3763,1.11,13.4028,20.9676,5.5587,1.3647,24.993,0.1466,0.7308,55.1557,3.3931,0.5405
TCGA-04-1362,8.7454,2.7396,1.7036,1.7953,23.0326,6.8274,3.5372,0.628,38.1679,0.1003,1.2908,5.1433,2.5701,0.9375
TCGA-04-1364,8.4164,8.8543,1.475,0.8814,14.6113,16.1579,6.5882,0.3185,42.0763,2.2959,1.2005,32.0663,2.8657,1.0618
TCGA-04-1365,9.2078,3.6286,0.7861,1.1059,16.218,18.2403,7.8033,0.3554,24.466,1.9002,2.3856,33.986,4.2606,0.5223
TCGA-04-1514,3.1971,1.8566,1.7831,0.6996,3.9303,7.4877,3.147,5.1232,24.1149,2.2992,0.9287,41.142,4.9369,2.5814
TCGA-04-1517,3.3419,6.446,1.3592,2.0531,9.4898,16.3095,2.3956,1.1593,94.497,1.538,0.7712,4.568,2.8937,0.738
TCGA-04-1519,4.0032,1.9989,1.6592,0.7841,12.6825,11.8688,0.9796,1.2352,53.2334,0.6581,0.4735,42.7116,3.3856,0.2964
TCGA-04-1530,6.8016,3.1875,1.7236,1.3326,10.8708,16.8032,6.0533,0.4382,39.5748,3.2915,0.6633,36.6185,2.8608,1.6741
TCGA-04-1536,4.2346,2.7982,0.5306,1.3737,20.0361,27.393,4.0767,0.8121,70.6373,2.5867,0.6371,37.0881,3.7208,0.9025
TCGA-04-1542,4.0676,3.0643,1.4091,0.6869,18.0824,13.9914,2.5777,3.0523,56.5488,0.8215,0.2272,58.8528,3.5773,0.2138
TCGA-04-1648,3.2625,7.4081,1.4251,1.0235,16.5319,14.2654,0.8999,1.8721,30.5913,0.6505,0.1665,2.3634,4.046,0.2602
TCGA-04-1651,10.3696,5.8429,1.5305,0.5348,23.1651,20.7853,6.1687,0.9725,38.4246,0.0353,0.6171,5.6119,4.4559,1.2578
TCGA-04-1655,3.6957,2.4259,1.1794,1.0317,13.4294,9.7951,1.6728,0.7981,60.0812,0.8914,0.2805,35.2563,3.0793,0.3996
TCGA-09-0364,5.5666,4.1552,1.1583,0.9922,9.5537,12.9521,6.3033,2.6134,20.2754,1.9735,1.4012,30.5737,3.6894,1.0811
TCGA-09-0366,0.9049,2.9555,0.8303,0.9404,8.3947,15.9502,2.2586,1.0101,33.3696,0.7813,0.3921,19.9093,2.6429,0.2102
TCGA-09-0367,3.3585,4.1465,0.6988,0.5245,41.8169,22.6779,3.3402,0.485,77.5383,0.0454,0.2231,35.8963,2.971,0.1927
TCGA-09-0369,6.0762,4.0016,0.8725,0.6246,22.094,20.5461,5.7069,0.9559,33.0087,1.1943,0.6628,33.8688,3.0906,1.644
TCGA-09-1659,5.1829,5.3828,1.2342,1.0061,23.5372,23.6735,6.0283,0.3323,46.7846,1.2784,0.5686,5.9502,2.2968,0.9733
TCGA-09-1661,4.1988,2.086,2.299,0.6342,16.582,13.495,0.7963,7.1199,41.786,0.6289,0.2302,3.6486,3.328,0.3476
TCGA-09-1662,7.2256,3.2141,2.781,1.1408,10.5058,15.2557,7.9793,0.8312,40.6601,1.1278,1.1852,38.1369,5.6288,1.2976
TCGA-09-1665,2.5086,8.5604,1.7736,0.8937,15.2876,7.9641,6.8413,0.3763,54.0764,0.3789,1.0182,39.1395,3.3646,1.0146
TCGA-09-1666,9.1836,2.9453,1.5123,0.9008,16.0,14.755,4.0232,0.8389,43.364,0.4211,0.8511,28.1943,5.035,2.3779
TCGA-09-1667,6.6064,12.6802,1.0867,1.2447,8.1707,11.6319,7.077,0.8268,20.6687,1.7638,0.6116,39.2134,4.0674,1.0377
TCGA-09-1668,14.1977,2.9904,2.2769,1.3916,8.039,9.8578,3.6877,1.0227,36.1601,0.7619,0.7854,38.7842,4.0137,1.9468
TCGA-09-1669,11.1133,4.3749,2.4802,1.049,10.5543,18.276,3.3923,1.3081,30.1333,0.8107,0.9806,6.6497,5.3996,1.3274
TCGA-09-1670,4.8203,6.0534,1.6793,1.7876,9.0504,18.8995,3.8164,1.423,34.6592,1.3356,0.479,70.0663,2.8837,0.773
TCGA-09-1673,6.7374,4.8838,1.9838,0.9239,5.2975,5.197,10.4945,3.0035,14.8711,1.7948,0.8937,50.0842,5.8794,0.6397
TCGA-09-1674,20.5362,3.6522,1.254,0.9364,7.1236,7.9981,5.7706,1.1072,23.6678,5.5366,1.1608,3.7456,4.916,3.3488
TCGA-09-2044,4.7256,3.8522,0.5048,0.8887,17.0796,39.068,5.5261,0.5246,35.3919,0.138,0.628,3.1058,3.2814,1.5784
TCGA-09-2045,1.1533,1.5525,1.4148,0.944,11.6315,13.6365,1.7289,1.5115,33.7262,0.157,0.4963,21.3351,3.0003,0.3931
TCGA-09-2048,2.8391,3.8228,2.439,0.7276,24.7509,27.135,5.8614,1.1427,41.6608,1.7885,0.9978,57.4014,1.6604,2.4162
TCGA-09-2051,4.2408,6.6592,1.4972,1.5809,7.4078,15.6701,6.599,0.8593,17.7988,2.9037,1.2975,6.8627,6.0564,1.5197
TCGA-09-2053,4.2685,4.0642,1.5516,1.2812,12.0878,12.4795,3.5063,0.9423,51.9706,1.2674,1.3131,41.8971,1.8318,1.5216
TCGA-09-2054,8.4776,5.3885,2.4729,0.8205,8.9071,12.1028,7.7973,0.5992,18.1318,1.5574,0.9608,25.3619,6.0444,1.9646
TCGA-09-2056,1.4208,3.1665,0.4647,1.1343,21.1124,42.4515,3.5369,0.3015,56.9713,1.395,0.5981,26.3837,2.276,0.4832
TCGA-10-0926,3.9581,4.9155,0.7506,0.5408,25.5312,24.6464,4.3772,0.4058,48.9567,1.2829,0.5517,54.9695,3.5473,0.618
TCGA-10-0927,2.5271,1.53,1.1863,0.6376,15.7417,15.9045,1.6347,1.4212,36.5686,0.7004,0.4693,32.3869,2.7462,1.2171
TCGA-10-0928,4.0506,3.7903,1.1257,0.8103,14.871,8.1837,3.6813,1.6235,42.3836,0.0965,0.475,84.2375,1.6107,1.0641
TCGA-10-0931,4.6405,2.7095,1.2415,1.0387,19.9424,11.3715,4.9526,1.1026,33.9759,1.5213,0.4774,6.315,2.6095,1.842
TCGA-10-0933,8.0966,3.4375,1.0162,1.1116,12.0615,26.2742,7.984,2.1401,35.1945,2.8686,2.0273,5.2161,4.4801,2.2223
TCGA-10-0934,2.8125,4.2008,0.5759,0.7055,24.7422,20.3088,6.8576,0.0289,20.6291,1.5772,0.8078,35.3648,2.5969,0.6615
TCGA-10-0936,2.5208,3.3661,1.4646,1.3189,31.7956,20.8617,3.9845,0.2391,54.3424,2.1959,0.4061,41.2133,2.8447,0.6002
TCGA-10-0937,4.4562,2.0999,0.8164,0.689,22.0343,11.9804,7.2809,0.4806,30.6436,0.1133,0.4487,44.0824,3.5643,1.593
TCGA-10-0938,7.964,7.6057,0.9791,0.8492,8.5436,12.6808,11.6675,3.8021,43.1397,2.4216,1.007,5.8513,3.9846,1.1493
TCGA-13-0714,2.4734,2.9284,3.1135,1.0784,13.2976,15.4396,4.6981,0.8073,32.208,0.8668,0.5322,25.1263,2.9697,0.3094
TCGA-13-0720,1.4855,3.4617,2.0683,1.4421,12.0011,10.5605,2.3846,0.5236,33.867,1.0055,0.3202,28.1463,1.1141,0.442
TCGA-13-0724,3.2158,5.3853,1.1096,1.1245,17.205,15.2518,5.9066,0.5968,42.2805,1.6177,0.6228,57.8582,4.1849,0.5805
TCGA-13-0725,8.0513,3.5447,1.1454,0.8761,22.4031,29.2765,5.6389,0.7057,28.4116,0.1038,1.1594,5.7202,3.6881,1.1595
TCGA-13-0726,3.0054,1.8762,1.4465,0.7272,31.2939,10.0762,2.427,0.3144,70.9379,0.5316,0.1158,18.6509,2.5486,0.4867
TCGA-13-0727,3.1481,4.2215,1.0753,1.505,25.1521,21.8489,5.5544,0.5806,98.9398,1.1236,0.6563,16.0132,1.9409,0.5577
TCGA-13-0730,3.3821,3.8455,0.9065,1.1541,13.1441,18.217,5.7654,1.6206,32.2487,1.4513,0.6986,3.6072,2.5879,1.7313
TCGA-13-0760,2.6496,7.0554,1.0199,1.5829,26.9567,23.7422,3.5564,0.4481,58.9984,0.0846,0.6565,50.6572,2.9258,1.6508
TCGA-13-0762,2.6059,4.519,1.4028,1.1456,19.5903,9.8869,1.275,0.8348,51.9191,0.5153,0.597,40.4235,4.2772,0.2323
TCGA-13-0765,1.9043,2.2469,0.9412,1.0707,29.8513,13.0869,1.7337,0.4002,35.7951,0.5084,0.441,41.3287,1.9822,0.2467
TCGA-13-0766,8.2362,6.1069,0.6421,0.7562,55.6621,18.9012,10.5988,0.511,20.3568,1.0851,1.3232,32.516,2.3932,0.4462
TCGA-13-0768,1.9924,3.3589,1.6515,1.0216,10.5415,18.8806,3.685,1.155,28.4662,0.7925,0.4859,39.175,2.289,0.9306
TCGA-13-0795,3.2261,7.079,2.0264,1.8916,15.2397,19.8211,5.2338,1.1936,34.7257,1.4643,0.5043,24.5457,4.4597,0.5303
TCGA-13-0797,14.6163,3.1743,1.7177,1.2883,20.5081,14.3382,7.5907,0.2923,22.3431,0.8192,0.4386,8.8607,3.9802,0.547
TCGA-13-0799,10.7602,3.0604,1.3564,0.9246,13.9566,12.4604,5.9495,1.1968,24.6922,1.5442,0.5542,25.4908,4.8094,1.7821
TCGA-13-0800,3.0659,3.4252,1.1624,0.6967,10.1749,15.3451,2.6864,1.5478,25.5215,2.0108,0.6352,53.4098,3.0117,0.9392
TCGA-13-0801,3.3799,5.3756,0.968,0.9049,31.551,46.1113,6.0408,0.615,23.2382,0.3218,0.8129,6.8974,1.9338,0.7879
TCGA-13-0804,7.2294,4.8104,0.9087,1.2822,23.4905,16.9274,8.4072,0.8984,29.5435,1.8762,0.6771,35.8193,2.3785,1.0394
TCGA-13-0883,4.0489,1.9086,1.8996,0.9043,9.2089,24.8278,2.9553,1.0216,51.8866,2.1208,0.7035,44.6831,3.4723,0.9959
TCGA-13-0884,4.8494,6.3247,1.436,1.2679,13.2944,16.9572,4.8359,1.4808,37.5995,1.1659,0.9419,12.5637,2.4554,1.4663
TCGA-13-0885,5.9309,6.1701,1.5318,0.7587,20.3842,19.7279,7.6602,0.882,43.4631,1.7134,0.5137,5.5272,2.0821,0.8673
TCGA-13-0886,4.0714,3.7719,1.5945,1.2103,21.2401,22.0465,5.1422,0.9842,56.7034,1.1695,0.5485,31.8935,2.0034,1.0672
TCGA-13-0887,6.4982,4.9367,1.168,0.9397,20.2089,18.6162,2.808,0.3595,45.8899,1.4002,1.2347,4.7426,2.2416,0.5285
TCGA-13-0888,3.0752,5.9134,1.4181,0.9164,12.1527,21.7673,2.5022,1.2663,48.0366,1.5535,0.8965,5.3865,3.0042,0.7718
TCGA-13-0890,7.6639,3.9978,0.3684,0.4388,13.2906,20.219,5.2605,0.5242,21.807,1.9183,0.2467,33.5654,1.7978,0.7377
TCGA-13-0891,2.6901,5.8151,0.5035,0.6373,24.0659,30.4704,5.8567,1.6797,47.5079,0.9625,0.4964,58.2684,3.531,0.5543
TCGA-13-0893,10.2466,9.0848,2.4993,1.7152,18.9756,20.9708,5.7519,0.693,49.8029,1.0007,1.5356,35.7514,6.3176,1.0621
TCGA-13-0897,9.1901,1.1399,0.873,0.8888,28.6427,13.2813,3.704,0.4749,50.1855,0.0646,0.4035,3.8996,2.8802,1.2118
TCGA-13-0899,2.4134,5.5255,0.4567,0.7771,23.4812,13.4597,5.7938,0.427,64.9557,1.6409,0.4136,4.7983,1.7489,0.639
TCGA-13-0900,5.1002,5.5597,1.5594,0.7995,11.7184,23.0828,7.5292,0.3052,34.8085,1.3506,0.4295,31.1856,3.4121,1.5129
TCGA-13-0905,7.7777,4.9926,1.6658,1.2172,15.8121,17.342,2.8681,0.7123,59.7336,0.0358,1.411,37.7595,3.4813,0.4875
TCGA-13-0906,7.355,3.8929,0.9327,0.7893,11.2984,17.6315,6.7668,0.7868,35.3862,3.2639,0.904,57.6409,2.3112,2.7645
TCGA-13-0908,3.2927,1.6314,2.2599,1.398,14.0045,11.3711,2.2759,0.4424,38.8967,0.211,0.46,9.0308,3.2674,0.4896
TCGA-13-0911,3.2821,3.659,0.7395,1.1622,35.195,27.5899,7.1613,0.61,68.3385,0.8361,0.3039,15.1775,1.8733,0.1993
TCGA-13-0913,7.819,4.9748,2.4313,0.9244,28.0655,10.959,5.7143,1.0808,26.6879,2.0302,0.2241,55.8169,3.5428,0.8535
TCGA-13-0913,5.6227,5.5455,1.43,0.9905,35.7164,15.0008,8.2936,0.4954,18.5804,1.0188,0.1952,51.8477,4.9082,0.6025
TCGA-13-0916,6.2047,4.9411,0.6748,0.9834,22.5767,16.6174,4.6666,8.3416,27.3539,0.079,1.6066,4.1778,5.428,0.9891
TCGA-13-0919,4.2958,2.7247,1.104,0.8318,23.7375,20.9625,5.7829,0.2793,39.8657,1.3046,0.1789,29.1068,3.0788,0.4497
TCGA-13-0920,1.8238,6.5724,3.5331,1.1157,10.06,21.895,6.9221,0.46,60.0715,0.7074,1.2578,9.442,3.8077,1.135
TCGA-13-0923,3.23,4.4526,0.8813,0.9118,26.6794,36.4272,2.7598,0.2713,54.8095,0.6223,0.2856,1.9993,4.0727,0.5229
TCGA-13-0924,7.0713,3.0018,0.8558,0.6758,24.4879,28.3606,7.2955,0.4579,43.6426,1.8073,0.3123,27.496,3.396,0.8682
TCGA-13-1403,4.1891,5.4667,3.6262,2.0678,8.9276,7.1417,4.537,0.1735,59.2553,1.0008,0.3316,8.2234,2.5232,0.6353
TCGA-13-1404,15.7652,2.9914,1.5547,0.7133,13.5082,13.7563,4.6581,1.3418,18.7607,0.9268,0.8883,45.854,2.0863,2.2196
TCGA-13-1405,4.8931,7.7292,1.5949,0.9925,7.8667,18.0393,4.2962,0.4232,44.9055,1.9524,1.2281,6.1867,2.482,0.7317
TCGA-13-1407,10.7013,11.1087,1.9903,1.1064,25.3553,17.7374,5.7943,2.8488,45.1426,1.5746,1.9008,35.3039,3.7065,0.8816
TCGA-13-1408,3.7559,3.7601,1.6773,0.794,9.9872,28.0944,2.376,0.7041,46.7422,2.3639,0.7763,19.2125,2.5686,1.0082
TCGA-13-1409,2.9326,2.5307,1.7636,1.6088,6.934,13.4989,1.3506,2.4476,61.6295,0.7113,0.3816,79.8875,2.8364,0.2846
TCGA-13-1410,5.2604,6.9103,0.8742,1.4749,12.7528,31.1212,5.729,0.585,107.2252,1.9584,0.606,5.2405,2.6612,0.652
TCGA-13-1411,2.6182,2.9282,1.1887,0.8775,8.728,17.2532,3.4882,0.6219,37.3917,1.2445,0.8379,34.7681,3.066,0.2253
TCGA-13-1477,3.626,2.592,2.0183,0.8174,36.1019,40.1781,2.6802,0.624,83.0424,1.6487,0.8704,47.9489,2.559,1.338
TCGA-13-1481,4.6266,3.5396,1.3323,0.8014,18.2292,14.3248,3.1637,0.7559,50.1345,1.4701,0.31,23.1194,3.1585,1.388
TCGA-13-1482,5.5631,4.7177,1.004,1.0207,6.7147,23.7116,1.8485,1.1209,49.23,0.1018,0.4117,39.3917,4.3504,0.9551
TCGA-13-1483,3.4529,2.9126,1.358,0.8285,11.5579,13.0862,5.8797,0.3554,31.629,0.1654,1.0409,8.4237,3.3082,1.1151
TCGA-13-1485,2.0979,2.7057,1.5078,0.6922,12.1179,51.0171,2.0458,0.8846,67.1951,1.4193,0.2945,28.2545,2.1936,0.4762
TCGA-13-1487,5.202,3.6991,2.0005,1.0122,8.3556,14.6504,3.3623,0.4412,55.3876,0.8076,0.7224,82.5087,3.6001,1.7985
TCGA-13-1488,7.0868,4.4666,0.9905,0.7204,10.2057,18.308,3.9506,0.5562,62.5006,1.057,1.5448,7.3455,3.0054,1.2189
TCGA-13-1489,3.2185,3.1074,3.8759,1.6412,13.0359,15.9975,3.5828,0.3985,37.5635,0.5293,0.7084,13.4773,2.8465,1.8933
TCGA-13-1489,2.573,3.8146,1.8398,1.3691,15.6296,21.9289,2.997,0.2648,25.016,0.5987,0.6701,13.0305,3.2529,0.8947
TCGA-13-1492,7.1218,6.2103,1.2124,0.3909,13.381,26.878,9.4041,3.349,19.2281,2.2663,1.0462,3.2595,3.1477,1.4586
TCGA-13-1495,3.9903,11.1404,0.6943,1.3782,23.644,13.8578,3.0639,0.649,33.957,1.2741,0.5939,57.9722,2.0877,1.0204
TCGA-13-1496,3.2481,3.9808,0.9015,1.2543,10.3053,13.29,4.6827,0.2656,30.4785,1.1443,1.6685,52.4278,3.5015,0.8676
TCGA-13-1497,3.1046,7.9584,1.2744,0.956,11.6571,21.27,4.2557,1.9055,22.5244,0.2904,2.2158,17.1931,3.3997,0.8814
TCGA-13-1498,6.974,3.819,1.4392,0.5347,15.9082,11.6108,5.9704,1.2696,31.7809,1.0855,0.7485,13.3734,3.7166,0.812
TCGA-13-1499,6.5902,4.9151,1.9789,0.707,16.8565,17.7077,2.0466,2.3564,59.3363,1.4072,0.594,44.8905,2.733,0.8878
TCGA-13-1501,2.7801,2.9048,1.5371,1.0011,21.3476,17.9646,2.6714,0.5287,55.2156,0.1183,1.0974,42.0963,2.3412,0.433
TCGA-13-1505,4.3693,2.7821,2.0508,0.6559,10.8004,12.1464,4.0601,1.0305,21.4303,1.1991,0.3598,7.7726,3.9772,0.5874
TCGA-13-1506,7.133,7.5945,0.8183,0.8018,11.7957,11.7155,10.0352,0.3024,36.6617,2.5748,1.6737,4.2676,4.5386,0.6585
TCGA-13-1507,4.2303,5.056,0.8046,0.5861,32.9869,19.6125,3.18,0.2658,57.4883,0.8173,0.6058,6.3075,3.8895,0.6054
TCGA-13-1509,7.5784,4.2828,1.1023,1.0175,17.3105,20.9673,3.4205,0.4219,36.0267,2.6073,1.282,7.7145,2.4156,1.4878
TCGA-13-1510,3.3123,4.4151,1.5685,1.0697,13.9209,12.2502,1.4822,0.6816,42.4241,0.515,0.6235,3.7353,6.367,0.7951
TCGA-13-1511,4.0398,8.5273,1.4488,1.0968,10.5085,8.4557,2.9612,0.2634,40.8052,0.6862,0.2471,52.1128,3.1297,0.2457
TCGA-13-1512,5.6018,4.2241,0.8607,0.3864,11.5066,27.5716,11.2579,0.2496,34.5471,0.5437,2.4308,25.038,4.0928,0.8417
TCGA-13-2060,5.3087,5.3258,1.2476,1.0341,8.7938,15.8839,6.2313,0.4354,30.2669,1.5245,0.9753,37.0372,4.1118,0.7942
TCGA-13-A5FT,6.9401,9.9301,2.5505,2.7109,6.8271,17.4471,5.5058,2.0154,59.4271,3.9472,0.5494,2.9122,2.3944,3.5184
TCGA-20-0987,2.2155,1.0098,0.6243,0.439,18.7872,14.7785,4.9802,0.682,64.9254,0.7516,0.4614,24.9197,2.4192,0.196
TCGA-20-0991,4.5328,3.1492,0.6978,0.8767,11.6385,37.7959,6.0842,0.9481,65.0084,0.9957,0.2703,43.2798,2.106,0.2772
TCGA-20-1682,6.5682,3.3937,1.2777,1.2864,6.6753,11.9272,3.4457,0.6978,24.4489,0.4907,0.4755,25.3086,4.1507,0.727
TCGA-20-1683,2.6931,4.5049,1.1706,1.8689,15.7956,13.566,2.4186,0.5092,36.4362,4.7779,1.5404,14.2127,3.2518,1.0176
TCGA-20-1684,5.7276,5.8299,1.7415,0.6078,6.345,6.971,5.9402,3.37,25.1079,1.7434,1.2887,88.1979,6.7419,0.9533
TCGA-20-1685,11.2384,7.5028,1.8572,1.1298,9.4518,11.9348,9.9329,0.7252,28.7307,1.6872,0.4576,33.1391,3.4297,1.5424
TCGA-20-1686,4.136,2.8986,1.68,1.0334,13.0368,14.5774,6.77,0.1428,29.7497,1.2884,1.5293,23.1892,3.0546,0.5338
TCGA-20-1687,1.4268,2.3807,1.7738,0.8327,12.9231,11.2659,2.0076,2.9096,31.261,0.2218,0.3145,32.3516,2.6457,0.2461
TCGA-23-1021,2.4647,3.0607,1.2955,1.1482,32.2774,9.6189,2.6542,0.6685,35.0476,0.6289,0.1854,38.2383,3.1728,0.2345
TCGA-23-1022,10.2095,6.1281,1.4245,0.5742,43.3755,13.845,5.3467,1.0599,62.8979,0.4104,0.7941,87.1888,2.1255,0.8691
TCGA-23-1023,4.9101,3.1238,0.9682,0.5963,19.9596,15.1526,4.5202,0.5752,30.2961,0.3796,0.3516,27.2904,2.2125,0.7034
TCGA-23-1024,7.4756,4.8755,1.0195,1.1322,9.1833,10.5312,6.6332,2.1752,27.5301,1.3893,0.7626,4.073,4.1037,0.6268
TCGA-23-1026,4.353,4.3452,1.125,0.4789,20.5809,14.0196,6.6041,0.4771,39.432,0.4477,0.5742,41.956,1.8355,0.6158
TCGA-23-1027,5.0254,2.7367,2.0693,0.7821,25.9641,21.1902,6.0289,0.4886,41.0462,1.5998,0.4461,5.6264,4.6852,0.7783
TCGA-23-1028,6.4677,8.2088,1.394,1.5953,16.3662,20.9114,5.4214,3.394,32.5717,0.3606,1.1965,84.8227,4.481,0.3631
TCGA-23-1029,9.7213,4.9213,1.8558,1.5307,7.6294,16.8606,8.2691,5.4723,31.4627,1.7234,0.7507,34.7071,4.0027,1.1458
TCGA-23-1030,5.9867,3.7618,2.916,0.7129,8.9195,7.1281,3.0604,0.4718,67.9834,0.6036,0.8554,85.6176,2.4151,0.4712
TCGA-23-1032,5.9623,3.7343,0.5252,1.0961,31.4434,14.0354,4.0795,0.2631,56.3119,0.8593,0.5494,40.4825,1.6559,0.8725
TCGA-23-1107,4.4121,7.1907,0.4336,1.1469,16.5212,28.2178,7.1276,0.3851,33.1056,0.7526,0.3154,4.8364,1.9815,0.7119
TCGA-23-1109,4.8497,3.2731,1.5593,1.0336,25.9176,24.2936,8.4888,1.0353,149.0963,1.7298,1.371,52.4587,2.2907,1.3721
TCGA-23-1110,11.9397,3.1675,1.092,0.6515,19.5139,21.1233,5.4136,0.4396,68.4041,2.1449,0.3898,34.6136,9.8764,1.3265
TCGA-23-1111,3.9099,8.5394,2.2793,1.0557,13.1994,19.6608,3.8682,0.7177,62.2273,1.3731,0.6173,31.9952,1.9908,0.4848
TCGA-23-1113,2.8332,4.7762,0.5288,0.883,14.0797,22.5216,4.6957,0.5414,48.5293,1.1772,0.7707,3.9129,1.9442,0.3779
TCGA-23-1114,7.5952,4.1001,2.0533,0.9447,8.402,9.4481,3.1973,1.6667,41.9872,1.584,0.3507,20.4858,2.4878,1.8166
TCGA-23-1116,4.2007,3.555,1.3587,0.8255,14.7669,26.8832,4.1872,0.6713,45.8891,1.1583,0.4696,11.0557,2.1358,0.7449
TCGA-23-1118,6.499,5.7354,1.2471,1.3345,12.1509,21.2209,3.6451,0.527,33.1308,1.5584,1.5091,37.8916,3.7058,1.2957
TCGA-23-1119,3.8708,9.6283,2.0236,1.2833,11.853,13.1305,2.8331,0.5677,37.4721,1.0076,0.263,25.9359,2.3972,1.0608
TCGA-23-1120,6.1192,2.319,2.0129,1.6868,9.6248,35.3109,5.1853,0.5104,77.2675,3.2212,0.8813,32.4436,4.7442,1.7136
TCGA-23-1122,4.3427,9.2224,1.2858,1.1871,5.6446,13.3357,4.0525,0.6081,30.7214,6.6428,1.3724,40.6142,3.3441,0.9311
TCGA-23-1123,5.2591,6.1567,1.4887,1.124,10.4528,19.9023,4.1087,1.9263,36.3825,1.595,0.6823,38.8013,3.9637,0.7726
TCGA-23-1809,8.0948,5.8541,1.4196,1.3891,13.3317,37.6568,4.7299,0.1967,22.5111,3.1335,2.0249,40.8724,7.1626,1.3528
TCGA-23-2077,2.981,8.4581,1.6108,1.1018,8.8434,16.5715,2.0467,1.591,30.3613,1.1795,0.5899,62.4616,5.5411,0.404
TCGA-23-2078,10.9619,3.3828,2.3384,1.1365,9.6005,14.9985,5.27,1.1936,25.193,1.7352,1.0946,24.6499,3.4349,1.2046
TCGA-23-2081,3.8578,2.6797,2.0575,1.0847,10.1131,10.9522,4.414,0.4879,28.7431,1.4298,0.5239,23.8539,3.5116,0.5755
TCGA-23-2084,9.3684,5.8363,1.0776,1.4084,7.8881,15.7705,8.5604,0.4486,31.3722,2.6623,0.7689,6.7198,5.1267,1.7652
TCGA-24-0966,3.7895,2.5019,0.9234,1.0463,43.743,13.1264,4.0603,0.3752,43.0588,0.7837,0.2756,26.6806,2.5608,0.4054
TCGA-24-0968,3.9267,5.668,1.3676,1.154,12.4425,20.6514,4.7245,0.7193,33.0571,2.6261,1.132,59.4266,2.907,1.1421
TCGA-24-0970,3.6321,6.2577,0.8831,1.3264,19.6714,18.8176,3.9555,0.7762,43.7066,1.4923,1.6982,5.9629,1.7025,1.0156
TCGA-24-0975,4.07,1.9976,0.9237,0.7854,17.192,22.3921,3.9473,0.4723,73.4982,1.2995,0.1436,28.1418,1.5201,0.8252
TCGA-24-0979,3.3453,3.9697,1.1175,1.2238,12.0872,11.1865,4.452,0.4956,41.2092,1.8326,1.2165,58.7461,2.0415,0.481
TCGA-24-0982,4.3947,4.8381,1.5803,1.1303,6.9302,14.9531,4.4864,0.858,54.9692,1.6914,1.0162,55.8586,3.9108,0.8619
TCGA-24-1103,6.384,6.5041,1.609,0.9268,14.366,18.2862,3.0665,0.7042,35.3521,1.2749,0.7187,6.7396,3.0018,0.8688
TCGA-24-1104,3.0995,1.4614,1.5116,1.0189,17.1635,19.3065,2.0948,0.529,43.4481,0.3118,0.3656,16.3452,3.0074,0.2573
TCGA-24-1105,8.6088,3.5689,2.3365,0.86,11.1263,16.4486,4.5225,0.1824,32.6735,2.0223,0.5281,57.5355,3.4677,0.5204
TCGA-24-1413,3.5239,2.6412,1.8321,1.482,7.3461,12.2204,1.3916,1.2849,26.5371,1.1189,0.5111,3.6319,4.071,0.9844
TCGA-24-1416,3.4809,2.7615,0.9231,1.2502,14.2246,16.3513,2.9098,1.3933,38.8027,2.9394,1.0029,24.1471,3.3128,0.9718
TCGA-24-1417,7.6228,4.6484,1.5704,1.3005,6.6848,21.9033,5.329,0.7906,39.3116,2.6752,0.5786,34.9255,4.3732,1.6154
TCGA-24-1418,4.3567,3.6767,1.1113,1.2918,7.3025,13.121,3.6908,0.5699,57.7629,2.3966,1.2787,6.3872,3.5072,1.1005
TCGA-24-1419,4.6036,3.0115,1.2491,0.7989,13.3337,17.492,2.3878,3.5431,29.5883,1.0929,0.3992,51.1578,1.4618,0.8672
TCGA-24-1422,3.1501,3.5743,3.3137,2.1898,6.5939,14.6822,1.9612,0.751,30.415,1.1759,0.8586,37.689,4.4866,0.5162
TCGA-24-1423,3.1746,2.2218,1.1726,1.1596,12.0555,9.4313,1.8345,1.3156,51.5591,0.057,0.5896,26.9729,3.8133,0.994
TCGA-24-1424,7.8894,4.8227,1.4672,0.9884,8.1802,13.4913,7.2788,2.2351,40.6938,1.8158,1.0016,30.9428,4.6885,0.8965
TCGA-24-1425,5.637,3.8268,2.2776,1.2421,7.7957,15.2605,2.5397,1.2332,20.9368,0.2866,1.5964,25.4297,3.406,0.7294
TCGA-24-1426,5.7319,3.486,2.1129,1.4761,13.2032,10.0676,1.9053,0.3793,97.3173,1.1583,0.5535,44.3752,1.9487,0.8313
TCGA-24-1427,3.3164,2.6506,2.0779,1.0514,18.2134,13.0642,5.0596,0.6382,51.6331,1.2762,0.648,17.8923,2.2829,0.3454
TCGA-24-1428,5.8887,5.8876,2.3366,1.3227,12.4055,18.8041,5.7362,0.7037,48.7003,0.2717,1.005,88.7607,5.0874,1.0117
TCGA-24-1430,4.6862,6.9161,2.5234,0.8793,11.7268,13.009,2.853,2.5124,35.498,0.0519,0.999,36.8706,4.0708,0.4455
TCGA-24-1431,5.5716,5.3481,2.0262,0.8832,9.582,21.9775,3.8421,0.1838,36.5999,0.7345,1.1767,5.6543,2.1274,0.5886
TCGA-24-1434,4.544,2.4839,2.0117,1.1098,7.9223,12.6364,3.6541,0.9303,73.5524,1.7,0.5247,28.8019,3.8983,0.4293
TCGA-24-1435,5.7788,2.4671,0.9833,0.7463,12.0524,11.9326,4.1359,1.3038,40.6109,0.1477,0.5369,31.1663,3.4421,1.3474
TCGA-24-1436,4.6127,4.4584,1.1819,1.2802,12.3008,17.3458,2.9631,0.9551,66.6093,2.298,0.9764,5.5901,2.6985,0.7609
TCGA-24-1463,4.8541,3.7778,1.2737,1.0837,8.1909,9.5494,3.7211,0.565,33.157,2.5762,0.682,25.9233,2.8482,2.1957
TCGA-24-1464,3.8938,2.6874,1.7428,1.0535,18.3024,24.1331,3.9583,0.3461,39.0416,1.8998,0.3997,33.4119,4.5831,1.1247
TCGA-24-1467,2.2141,4.1697,2.1836,1.7388,5.8186,6.6701,1.3799,2.4421,22.4859,0.9508,1.4876,49.1441,3.8919,0.4972
TCGA-24-1469,8.657,14.0633,1.2339,1.3019,11.3782,16.2362,7.9078,0.298,41.187,4.065,1.2338,44.3121,4.3822,1.7569
TCGA-24-1470,8.2385,4.7163,2.021,0.9926,10.4085,8.909,6.6086,0.6922,27.1168,0.9603,0.6001,10.8924,3.2903,0.8748
TCGA-24-1471,4.1146,3.6107,2.0259,1.0374,11.3564,14.7445,1.6944,2.5504,35.0241,1.5815,0.9039,4.0103,2.749,0.5482
TCGA-24-1474,11.2979,2.9852,1.5474,1.5632,5.2405,11.7498,3.7857,1.7181,19.0782,4.1475,0.5808,5.9871,2.8694,2.0261
TCGA-24-1544,4.0764,4.1377,0.835,0.5363,12.1477,14.2439,4.2196,1.7215,44.4529,1.4234,0.363,27.9393,3.2659,4.7443
TCGA-24-1545,2.8017,2.4385,2.1594,0.6323,10.4855,13.3984,3.1101,1.387,53.9802,0.8938,0.3969,20.097,2.9267,0.6161
TCGA-24-1546,1.2737,2.7266,1.7781,0.9593,15.1408,15.2279,2.5768,0.6645,54.2404,0.4138,0.3081,30.0669,3.0141,0.4456
TCGA-24-1548,10.2035,8.2186,1.909,2.1878,6.2995,7.1331,6.8718,0.8225,31.8095,3.0531,1.0459,37.5585,4.9519,1.5022
TCGA-24-1549,7.6016,2.2657,0.9144,0.7233,10.2676,7.3013,6.7819,0.4048,31.6535,1.6715,0.7822,26.3921,2.6569,1.5185
TCGA-24-1550,11.9691,3.5334,1.2185,1.0327,13.2523,14.177,3.9122,1.5743,19.6425,1.3132,0.5588,5.1066,3.0381,0.9436
TCGA-24-1551,10.4472,5.2198,1.5493,1.9943,12.4998,12.1935,5.0846,8.3861,26.6055,1.4689,0.3517,56.1592,3.2985,0.5779
TCGA-24-1552,5.9953,4.3485,1.2916,0.6494,15.0084,10.3289,9.7148,0.1532,44.7632,2.7157,1.1111,48.6332,2.4161,1.1963
TCGA-24-1553,2.1941,3.86,1.9107,0.7977,8.9102,16.7564,2.7014,3.9029,61.726,0.453,0.4602,36.9551,3.2374,0.2852
TCGA-24-1555,5.8793,2.806,1.7741,0.9385,5.1017,11.9061,4.9376,2.0482,29.1785,1.4225,0.2018,38.517,3.9004,0.5469
TCGA-24-1556,14.4792,8.0201,0.9532,1.3668,11.5807,19.9139,4.1692,1.8147,20.8912,3.3817,1.2411,9.1311,4.8891,2.1747
TCGA-24-1557,3.1688,3.401,1.2362,0.705,9.5407,12.3364,5.7227,0.988,28.5018,0.1787,0.9293,30.3634,3.3199,0.7184
TCGA-24-1558,10.1196,6.2054,1.3857,1.1001,13.3672,10.3822,8.9079,0.2831,32.138,1.9263,0.3371,49.1161,3.1836,0.887
TCGA-24-1560,3.4574,3.4688,1.7407,0.9486,8.3162,11.7153,4.2699,0.5389,21.3345,1.0861,0.483,35.9114,5.0885,0.3519
TCGA-24-1562,2.059,3.723,0.9233,0.7591,12.4248,17.3309,4.7274,2.126,40.393,0.8758,0.5688,16.8154,1.38,0.4213
TCGA-24-1563,10.3643,4.2492,2.9642,0.7946,9.184,16.2883,5.3784,0.4738,24.9691,0.5123,0.4324,20.3285,3.4155,1.0936
TCGA-24-1564,3.5642,2.6616,2.2227,0.8361,7.4877,14.2529,2.3589,0.9969,18.7224,1.476,0.432,9.2702,3.0125,0.5249
TCGA-24-1565,1.1481,0.7891,1.3546,1.1476,25.9103,15.9101,1.1254,4.9964,30.8956,1.5522,0.8044,67.0646,2.9165,0.6337
TCGA-24-1567,4.782,2.7546,1.4873,0.9639,10.0398,16.2345,3.7333,3.1183,36.9272,0.0647,1.1308,34.6183,6.0687,2.7343
TCGA-24-1603,10.292,3.6304,1.384,0.9285,12.0459,11.1567,3.3829,0.6162,22.2364,2.2251,0.4984,4.938,5.7594,1.0762
TCGA-24-1604,2.5745,2.3692,2.9783,1.4951,7.9783,12.1271,1.8383,2.9722,52.2023,1.0106,0.2583,7.1712,4.0618,0.3456
TCGA-24-1616,9.3061,5.6136,1.0953,1.4319,6.5478,9.0421,4.7987,1.4009,26.5491,1.3323,0.5442,26.9116,3.8022,0.5147
TCGA-24-1842,3.8148,6.3432,0.7849,1.3,8.6913,17.0952,4.518,1.4906,31.5385,1.6118,0.625,39.312,4.6664,0.7842
TCGA-24-1843,9.0666,7.0541,1.0254,1.007,17.8531,15.7696,6.7968,0.3961,43.5574,1.9976,0.8302,20.2617,3.229,0.8521
TCGA-24-1844,2.0123,2.4975,0.7585,0.9927,12.049,9.6709,1.6456,0.6768,29.7757,1.4726,0.3091,35.8802,4.1882,0.4553
TCGA-24-1845,5.5914,13.0567,1.8977,1.5785,15.3071,23.5888,1.4325,1.6411,42.3701,0.0802,0.7926,7.7551,3.8077,0.781
TCGA-24-1846,11.6391,3.691,2.8268,1.1134,13.7787,15.4887,3.1184,2.6183,39.4323,0.7451,0.7461,5.9773,2.9419,1.1622
TCGA-24-1847,7.1239,4.6316,2.2504,1.6553,13.4716,18.0116,4.8356,1.4112,46.5959,0.8855,1.1056,34.9055,3.3239,0.5432
TCGA-24-1849,4.5476,2.0297,1.676,0.7794,14.0701,20.0413,3.287,0.9434,33.625,1.1412,0.5564,19.1974,4.0676,1.2409
TCGA-24-1850,3.9069,5.9637,0.9196,0.5626,12.8972,33.5468,3.8198,2.4026,27.1028,2.1,0.6648,4.6608,3.3925,1.7923
TCGA-24-1923,3.2063,4.3095,2.4921,1.1225,9.57,21.544,3.3757,2.3739,31.8757,1.5178,1.3803,31.3329,2.4865,0.6451
TCGA-24-1924,4.1306,11.5492,1.2362,0.9225,10.3551,26.8098,7.4268,0.7146,39.2588,1.653,0.6391,4.7516,2.8907,0.5839
TCGA-24-1928,3.6802,7.3958,1.568,2.1957,9.6555,16.825,4.2434,0.3697,43.425,1.5547,0.5469,5.493,3.8687,0.6672
TCGA-24-1930,1.6713,2.2694,1.623,1.8344,10.2663,18.793,1.2641,1.2393,45.7344,1.4047,0.6462,6.7753,2.5307,0.2718
TCGA-24-2019,8.2536,6.4524,1.4247,1.0599,9.778,10.3436,8.2113,1.4322,29.9739,4.0835,1.2562,36.3751,4.5268,1.1559
TCGA-24-2020,5.9333,8.9543,0.9794,0.9672,9.5941,23.6086,3.6274,0.1331,33.1255,2.2574,0.7067,2.942,3.8996,1.4629
TCGA-24-2023,5.6723,10.4313,1.2873,1.0488,18.6147,9.21,4.5985,0.4878,37.4664,1.0347,0.4818,53.2287,1.8599,0.3175
TCGA-24-2024,4.2271,5.142,2.0845,0.7362,12.6247,12.9454,3.2825,0.4123,32.3286,0.7526,0.2385,62.6388,3.9989,0.4564
TCGA-24-2026,5.2989,3.9907,1.1251,1.513,11.0523,19.9426,5.249,0.4587,35.4829,2.4757,0.8707,13.6073,3.6596,0.5764
TCGA-24-2027,21.9411,4.5534,3.4349,1.0474,13.436,15.0307,25.5142,0.6336,66.5612,4.4953,0.6826,12.5412,2.6811,1.8742
TCGA-24-2033,7.2148,6.558,2.3994,1.305,10.4486,22.4565,6.903,1.7643,38.0038,1.7164,0.7632,32.6189,4.0261,0.6675
TCGA-24-2035,4.7621,3.3073,2.9369,0.6191,15.1383,16.3381,2.7246,0.901,38.3613,0.6333,1.0703,9.0611,2.4591,0.6015
TCGA-24-2036,7.1317,3.6174,1.7719,0.7671,10.9515,9.6183,3.9297,1.27,23.857,1.4188,0.469,20.5234,4.1027,1.7155
TCGA-24-2038,1.0645,1.6494,1.6015,1.1356,9.6913,19.8869,0.3658,1.715,36.3435,0.3052,0.12,36.1225,2.9789,0.1902
TCGA-24-2254,7.7144,2.079,2.3547,1.4474,8.4508,13.7102,2.5623,2.2944,28.7644,0.9915,0.4781,44.3572,4.2097,1.015
TCGA-24-2261,6.2715,3.9917,1.8937,1.8857,8.8581,14.332,5.0438,1.2124,29.9812,4.6266,0.9653,29.3392,5.2991,1.2433
TCGA-24-2262,4.7874,2.966,1.8353,1.3075,15.1181,15.7275,5.9777,0.449,30.5275,1.1575,0.5625,22.6325,2.0488,1.2523
TCGA-24-2267,2.641,3.5533,2.1067,1.6121,8.8487,19.5731,2.2864,1.4452,37.8488,1.8414,0.6962,11.5415,3.5425,0.7674
TCGA-24-2271,2.2859,2.3967,2.0715,1.3081,12.5446,16.6501,3.6711,0.8041,52.6856,0.749,0.8238,6.1529,2.7035,1.0781
TCGA-24-2280,2.5822,6.2498,1.7802,1.2563,6.8889,20.3298,3.0576,1.4854,52.8086,1.3182,0.4025,6.9724,2.4611,1.1559
TCGA-24-2281,4.2148,10.7068,0.9464,0.9946,7.2372,17.0599,5.8603,0.529,36.8684,1.6184,1.1589,80.5347,2.5476,0.7933
TCGA-24-2288,4.2161,2.5907,2.464,2.0271,10.0918,22.0606,4.26,0.8438,71.5648,2.3068,0.5562,20.5123,4.7824,0.8927
TCGA-24-2289,2.7322,3.0668,2.0455,0.8737,6.7181,15.319,2.1883,0.8809,9.4662,0.3439,0.5763,6.6256,2.0365,0.7828
TCGA-24-2290,7.611,8.5515,1.0193,0.8459,6.8256,17.2092,3.7544,2.6704,23.993,0.5161,0.5417,27.0418,2.9849,0.9822
TCGA-24-2293,2.581,3.3584,1.8872,1.2835,6.5572,16.1607,2.8052,1.2454,28.2222,1.4716,0.5636,11.2789,2.4158,0.9233
TCGA-24-2297,2.1544,4.4001,1.2822,1.2093,11.1739,14.1645,2.7519,0.3325,37.143,0.8399,1.3369,23.6524,3.11,0.7255
TCGA-24-2298,2.0077,3.1126,1.1856,1.0609,8.8178,15.9622,4.151,0.2717,40.6815,0.7283,0.803,3.4359,1.9522,0.4979
TCGA-25-1312,4.8729,4.3404,2.4488,1.2811,11.5459,13.3337,3.5059,0.9319,37.7669,1.2912,1.1044,4.6852,3.1676,0.3394
TCGA-25-1313,1.6021,2.838,1.5891,0.5784,9.8086,14.8081,1.681,0.9288,38.5777,0.1876,0.6536,53.1155,2.69,0.2857
TCGA-25-1314,5.4255,5.1247,2.0843,0.9354,9.3799,11.1728,3.2285,0.7979,43.0812,1.5608,0.816,5.2346,3.2634,1.1351
TCGA-25-1315,6.0923,4.9479,1.3447,0.9059,17.4065,15.3662,3.5629,0.3872,25.2278,0.6214,0.7964,40.5796,4.7311,0.5989
TCGA-25-1316,7.319,3.2242,1.5929,0.7899,9.5393,13.7484,3.3151,0.5731,17.5339,1.8222,0.7575,36.226,2.3587,1.0037
TCGA-25-1317,3.9557,3.5279,2.1324,1.2089,7.5089,23.1131,2.4528,1.31,58.3304,1.2784,0.6029,32.0243,3.3247,0.8999
TCGA-25-1318,2.3102,1.8948,2.1395,1.8176,8.4821,13.7898,1.7296,0.7782,61.9043,1.8319,0.1467,27.1027,3.0879,0.4594
TCGA-25-1319,2.626,3.5073,0.9946,1.0015,7.8485,10.5496,3.1964,0.9852,44.5292,2.1416,0.5096,25.0024,4.1007,0.9595
TCGA-25-1320,3.7052,4.3271,1.3416,1.7182,6.2489,26.1074,4.7206,1.3905,32.7117,2.269,1.5137,6.8641,5.3573,0.9146
TCGA-25-1321,2.8912,3.4411,2.0482,1.1719,8.295,10.3008,4.1748,0.4856,62.3067,1.9451,0.725,36.7583,5.1951,0.6748
TCGA-25-1322,6.1614,9.7426,1.3036,1.5956,11.959,14.6668,4.3479,1.5569,43.4122,1.493,2.7424,30.4032,2.2603,0.7447
TCGA-25-1323,4.7173,8.3932,1.537,1.4342,10.1902,17.8178,3.4772,2.2066,45.8798,1.092,0.9355,33.0808,2.9529,1.1386
TCGA-25-1324,5.9964,3.9356,2.3158,0.7874,10.5652,12.3572,5.8815,6.2169,45.1063,2.6382,1.2209,69.5366,7.64,1.6022
TCGA-25-1326,5.2253,6.9066,1.8904,1.5082,12.5892,15.9045,3.9973,0.4017,22.7128,0.2265,0.8494,27.4198,3.179,0.726
TCGA-25-1328,1.4914,1.7844,2.5824,0.9411,7.7677,19.4939,0.9057,1.8455,46.8497,0.7615,0.305,45.3312,3.3832,0.4674
TCGA-25-1329,2.4577,6.5741,1.3541,1.3116,9.9656,25.9322,2.8675,0.6271,71.7317,2.2636,0.7057,5.4272,4.5077,0.7634
TCGA-25-1623,5.0316,4.041,1.8265,1.2513,7.4061,13.7578,3.3201,1.3796,33.2459,1.6523,0.8396,42.4801,3.28,0.6064
TCGA-25-1625,3.7839,2.0391,1.8743,1.1606,14.0626,10.2503,1.9993,1.0747,39.8392,0.3724,0.3326,22.3369,2.1762,0.2017
TCGA-25-1626,2.7614,3.4184,2.1472,1.2998,7.4419,14.1192,2.1549,1.4779,36.2854,1.2135,0.9101,28.5461,2.7028,0.6159
TCGA-25-1627,3.5474,4.6696,0.6783,1.2724,14.151,15.8188,3.3186,0.3757,46.5394,1.7903,1.4113,40.8368,4.5241,1.3274
TCGA-25-1628,6.761,2.6584,2.0958,1.3819,8.0001,15.3338,5.3514,1.604,40.3436,2.5186,1.175,11.8517,3.7441,1.2013
TCGA-25-1630,7.7806,4.5701,2.0269,1.4538,9.704,19.9239,5.6534,0.8306,32.5246,0.7399,0.9277,23.7377,4.3774,0.5805
TCGA-25-1631,5.9075,5.5077,1.8913,1.1377,12.7562,11.1132,3.2847,1.5516,46.2037,1.4739,0.4345,4.4363,3.4415,0.5018
TCGA-25-1632,3.6087,1.8869,1.4656,0.6915,14.2803,6.4265,1.4646,0.1818,66.207,0.267,0.3433,51.5876,4.8234,0.4547
TCGA-25-1633,2.9783,1.2344,1.5939,0.7378,13.0843,8.6245,1.3974,0.6286,36.489,0.5842,0.1875,28.5444,4.0528,0.4023
TCGA-25-1634,4.9181,3.761,2.0606,0.8948,9.5462,16.9882,1.7029,1.988,39.9798,1.438,0.3278,3.2249,4.4069,0.7878
TCGA-25-1635,3.3065,3.4412,1.3722,1.1541,8.1682,14.6813,4.593,1.0541,27.7935,2.5927,1.0346,35.5102,3.6616,0.7198
TCGA-25-1870,1.1232,2.1642,1.5521,1.2512,4.9846,14.9262,0.8758,3.526,29.2641,0.7407,0.3713,5.0785,3.4777,0.3308
TCGA-25-1871,7.8041,3.6781,2.0408,1.4116,6.2994,10.4629,3.9944,12.0057,39.0901,3.2918,1.0132,19.8695,10.3599,1.0089
TCGA-25-1877,9.2826,7.5054,3.1591,0.8068,18.5033,16.3609,7.2216,1.0522,25.6653,2.475,1.251,27.1692,5.2076,1.2845
TCGA-25-2042,2.4252,1.174,2.0008,0.9382,9.4499,13.4649,2.9349,1.2262,29.901,0.3242,1.0514,7.9584,1.8401,1.0544
TCGA-25-2391,9.289,3.0131,1.4513,1.1209,11.8735,20.2598,4.6565,1.6838,36.3571,1.489,0.7257,6.2339,5.1836,1.379
TCGA-25-2392,2.3454,2.7232,1.4096,0.8577,6.2632,11.8426,4.9061,1.0622,25.7029,0.9035,0.3398,31.4117,2.7428,0.622
TCGA-25-2393,6.4316,5.0276,0.6448,0.6856,11.114,18.1532,5.4573,0.6949,29.295,1.6398,0.6134,75.7421,2.7245,0.9173
TCGA-25-2396,5.9313,6.1507,1.3306,1.1686,13.1322,20.9312,6.9711,1.7785,47.4882,2.8377,0.709,46.8947,4.413,1.3772
TCGA-25-2397,4.4998,2.7488,1.1272,0.9298,15.3912,25.6149,2.1551,0.4916,43.3898,0.0586,0.246,25.0797,3.7041,0.1666
TCGA-25-2398,3.2536,6.4358,1.6464,0.9106,8.0631,15.161,3.4548,0.9278,63.2488,1.4549,0.636,43.0015,2.8766,0.5055
TCGA-25-2399,5.5566,4.0556,1.8239,1.0317,7.5248,12.4291,4.8328,0.5603,22.3587,1.5187,0.5965,25.6689,3.6663,0.765
TCGA-25-2400,4.825,5.2469,1.0726,1.1091,8.6744,13.495,4.5453,1.9779,23.877,1.6515,0.6889,4.2723,1.927,0.6488
TCGA-25-2401,8.3937,4.5212,0.9324,0.7441,16.4114,23.8448,8.4421,0.8501,50.2794,1.395,0.3192,29.457,2.284,0.983
TCGA-25-2404,3.583,2.9937,1.0744,1.0267,14.3408,18.8183,5.3087,0.4225,44.6961,2.175,0.1755,50.4835,2.2249,0.883
TCGA-25-2409,4.6216,1.9583,1.7245,1.2382,15.3462,12.7218,3.3065,0.7662,62.7199,0.8386,0.4788,33.8625,2.4235,0.4109
TCGA-29-1688,4.5649,7.8457,1.1879,1.7927,9.1647,19.317,8.7851,4.7393,17.3875,0.9582,1.5976,26.2877,1.9558,1.7371
TCGA-29-1690,1.9288,3.0784,1.8887,0.7281,10.3438,16.638,1.4424,0.604,56.1522,0.8689,0.3292,35.6158,2.6822,0.2419
TCGA-29-1691,20.3643,5.7758,1.0025,1.4068,8.5332,18.5021,4.1782,0.5286,32.0304,5.3105,1.094,6.4498,4.6322,1.2771
TCGA-29-1693,3.1593,3.8403,2.3954,0.994,15.4513,17.2898,4.7086,0.2539,41.1188,0.8966,0.365,4.0399,3.5973,1.3416
TCGA-29-1694,2.699,1.3626,1.4211,1.026,12.9664,11.2714,2.6689,1.0922,32.8775,0.1695,0.4941,19.6438,3.8001,0.2777
TCGA-29-1695,5.9117,4.7789,1.5736,0.632,10.2254,18.8947,5.0415,1.4217,38.232,2.067,1.1458,52.0461,3.4072,1.3963
TCGA-29-1696,1.5593,2.434,0.9741,0.8858,19.4238,14.02,2.4137,1.0857,31.8047,0.395,0.8937,3.0304,3.104,0.2526
TCGA-29-1697,10.919,4.4355,1.3375,1.8341,11.0875,10.4335,3.7891,0.3118,21.5972,2.8178,0.8144,52.3187,2.9991,1.0584
TCGA-29-1698,4.6474,3.9984,1.0123,1.6476,8.3015,11.9059,4.9302,0.5006,31.6652,2.374,0.476,59.9534,2.2228,0.8685
TCGA-29-1699,4.059,3.4147,1.3698,1.1165,6.847,10.3715,2.5564,0.4822,53.9955,1.8149,0.7278,35.0287,3.9809,1.251
TCGA-29-1701,12.1276,12.5102,1.2438,0.7914,29.3641,36.8267,9.423,0.2688,46.5765,1.6655,0.8152,10.658,3.2293,1.0572
TCGA-29-1702,7.6038,6.9958,2.2378,1.0868,11.6101,15.2489,9.196,2.2351,31.9196,1.58,0.6804,155.1574,4.7396,0.9569
TCGA-29-1703,4.7527,4.4989,1.0912,1.2984,6.5611,14.2595,6.3435,1.5891,48.2165,1.5967,0.4601,48.213,3.5491,0.7952
TCGA-29-1705,2.8195,4.3183,1.0031,1.3061,8.7847,16.7871,3.7433,0.6577,57.5814,0.1963,0.7312,36.6951,2.8713,0.8863
TCGA-29-1705,1.7763,2.5961,0.7072,0.8041,15.6409,14.1371,1.9765,0.6384,74.3441,0.8976,0.4585,26.5602,1.3686,0.4286
TCGA-29-1707,6.4697,3.7297,1.1066,1.2677,20.6768,16.7055,5.112,2.9619,31.964,0.1777,0.8367,18.1739,1.8773,1.2703
TCGA-29-1710,1.7581,3.2985,1.3723,1.2831,7.5699,16.1166,1.8993,0.8899,36.7512,1.5116,0.4143,35.3087,3.7665,0.1549
TCGA-29-1711,1.7606,5.3401,0.7501,0.9644,13.0405,10.0332,3.0462,0.6575,21.4063,0.1232,0.3152,15.6808,4.929,0.6578
TCGA-29-1761,1.913,6.7448,0.764,0.7869,18.0612,33.1522,2.8909,0.9293,27.386,1.554,0.4986,3.4291,3.4124,0.5271
TCGA-29-1762,12.6756,12.3836,1.2092,0.817,19.9646,28.0514,4.5076,0.7048,37.3989,1.5862,0.2293,4.7285,2.2205,1.1011
TCGA-29-1763,6.3542,3.1113,3.1449,0.5832,23.7212,12.3353,2.5553,1.6705,53.6421,0.7014,0.8155,44.9042,5.3023,0.5414
TCGA-29-1766,2.854,7.1371,1.0591,0.806,13.5001,28.8675,3.976,0.7285,39.5482,0.8259,0.3518,15.1978,2.3195,0.5296
TCGA-29-1768,2.4678,4.7151,0.6395,0.7074,17.4812,17.4514,4.524,0.9785,30.3514,0.4015,0.4498,26.8092,2.7153,0.4875
TCGA-29-1769,11.3664,4.767,1.4432,0.7336,22.8584,32.1625,4.8177,0.5619,37.4056,0.592,0.8177,22.6087,4.5697,0.6096
TCGA-29-1770,4.4741,5.6579,1.0566,1.0841,10.1413,22.2688,5.7416,0.5268,57.8292,0.7065,1.5925,48.2123,3.2648,0.677
TCGA-29-1770,3.5389,3.1166,1.3721,1.9541,11.7451,21.8888,4.2416,0.4501,64.3159,0.7013,1.224,29.3519,2.7372,0.75
TCGA-29-1774,8.014,3.6256,2.1752,1.0515,18.35,27.3157,4.9123,1.3665,42.3143,1.7365,0.9212,7.0946,5.47,0.9138
TCGA-29-1776,7.9797,1.7544,2.7079,1.3344,15.1092,12.297,3.7275,1.4547,33.7848,0.3076,0.2987,36.0256,3.6967,0.4982
TCGA-29-1777,3.3625,6.1372,0.8513,0.701,22.2522,24.9152,3.0318,1.2802,33.046,0.1163,0.2975,3.4853,2.608,0.2522
TCGA-29-1778,1.9018,11.57,1.1796,1.3047,8.9978,11.4293,2.6588,2.4439,33.8772,1.0271,0.7398,52.2893,3.2483,0.511
TCGA-29-1781,10.7644,8.6122,1.1889,0.7526,17.8165,35.0763,13.9132,0.9135,41.8545,0.9493,1.0922,5.1999,4.7425,0.6835
TCGA-29-1783,2.7017,3.8686,1.4462,0.7934,17.4747,7.0211,2.2964,2.3045,56.1823,0.5801,0.4451,4.3683,2.5182,0.1931
TCGA-29-1784,6.4619,5.1354,0.9825,0.8128,13.147,31.4333,6.6557,0.9593,42.887,1.131,0.3657,27.8317,5.0223,0.4328
TCGA-29-1785,4.2577,2.7058,1.2781,0.7242,15.6868,20.6219,7.1711,0.523,77.885,0.9381,0.8216,7.1091,5.4989,1.288
TCGA-29-2414,2.1072,3.1861,0.8741,0.5596,13.1643,17.9815,1.4257,0.5626,68.234,0.4456,0.1522,33.3897,3.2051,0.718
TCGA-29-2414,2.8114,5.1473,1.2733,0.9759,12.7011,20.1047,2.4104,0.6202,59.2473,0.9189,0.3207,32.3048,4.5188,1.2908
TCGA-29-2425,6.7894,7.0929,3.1593,0.6448,12.3442,7.6523,5.2078,1.3404,45.4081,0.5692,0.5522,33.9814,4.6727,0.8317
TCGA-29-2427,5.1013,3.1983,1.3387,0.7177,16.8508,21.9304,6.9288,1.0113,40.3164,0.3337,0.5208,18.5754,3.1231,0.6012
TCGA-29-2428,2.545,3.9654,0.7278,0.813,17.1516,30.0814,4.013,0.2502,69.1451,1.0113,0.7372,28.8634,2.4983,0.548
TCGA-29-A5NZ,6.0862,3.7464,3.8555,3.0047,4.9382,8.1273,2.794,0.584,19.1293,2.3782,1.7789,39.4279,4.0144,1.5904
TCGA-30-1714,5.1087,5.148,1.2807,0.924,16.5485,4.7387,4.515,0.4255,32.0965,0.6164,1.4886,32.9509,3.898,0.9183
TCGA-30-1718,4.0339,5.5767,0.872,0.8067,15.7575,23.2798,6.6159,0.4752,38.7183,0.552,1.7829,5.1316,5.4008,0.3032
TCGA-30-1853,4.4082,2.8492,2.4906,1.108,16.8433,12.4662,2.0527,0.6358,53.8471,0.4346,0.489,47.1399,2.0003,0.389
TCGA-30-1855,6.9906,2.9455,1.3602,0.795,20.0114,9.894,3.0663,0.5678,37.0586,1.6033,1.6406,5.9185,1.5035,1.1347
TCGA-30-1857,4.5061,3.5035,1.4282,1.1948,23.4283,19.8254,3.1382,0.6285,67.0453,0.5164,0.5893,27.4126,1.9395,0.3105
TCGA-30-1860,7.6445,3.9327,0.6711,1.1162,15.7479,34.0374,5.9842,1.3777,30.227,0.211,0.5725,28.3867,3.8119,0.7272
TCGA-30-1861,2.6781,4.8426,1.8323,0.8062,14.0729,10.6087,3.8873,0.1823,45.0281,0.1618,0.3312,5.0238,2.4712,1.141
TCGA-30-1862,2.3361,0.7914,2.5704,0.8016,11.1252,16.7889,1.0848,0.7776,34.7122,1.0168,0.2912,6.4261,3.5317,0.2624
TCGA-30-1866,6.1486,3.9595,0.7763,0.7564,30.9761,12.2679,5.457,0.6009,99.6353,0.6806,0.6169,36.495,2.1361,1.1315
TCGA-30-1891,5.7488,4.3255,0.9197,0.8811,18.3878,11.9498,2.6215,0.5547,35.3223,0.1392,0.1943,30.7522,3.9249,0.3199
TCGA-30-1892,3.1657,2.3353,1.3266,0.8228,20.3036,20.4683,3.6329,0.5499,60.8686,0.7023,0.5174,6.4308,2.894,0.9485
TCGA-31-1944,4.6183,4.9485,1.7006,0.994,13.9381,10.9709,4.9067,0.3798,25.1815,1.2496,0.6887,6.1674,2.6405,1.0779
TCGA-31-1946,3.9915,5.3405,1.9086,1.0288,8.8749,14.4334,7.9842,0.5753,24.8541,0.1969,0.9735,5.895,4.0937,0.7184
TCGA-31-1950,4.2906,3.9194,1.1899,1.2578,9.8797,11.7638,6.0119,0.4469,45.1183,3.3773,0.9352,65.368,4.1501,0.8567
TCGA-31-1951,4.1997,2.264,2.1929,2.0999,7.5933,15.3229,2.629,1.2013,64.5476,1.3525,1.0624,27.7741,2.4445,1.1954
TCGA-31-1953,4.8063,1.9017,1.2356,1.0479,11.5043,17.6437,5.5769,1.2703,37.7535,1.9258,0.557,10.8587,3.6562,0.6578
TCGA-31-1956,4.2412,3.0048,1.8206,0.8268,10.822,26.4495,5.1898,2.1597,47.7727,0.6347,0.6487,25.2159,4.3715,0.5912
TCGA-31-1959,5.0572,2.7841,1.5894,1.2971,10.44,20.3918,2.5342,0.8102,19.0226,0.1134,0.5613,28.5511,3.3401,0.712
TCGA-36-1568,2.2251,3.2045,1.3301,1.1765,10.9941,12.2573,2.8577,0.631,36.6997,0.1594,0.4376,18.3433,3.5992,0.4481
TCGA-36-1569,3.3721,1.8361,1.9363,1.0482,8.1543,11.3577,1.511,1.3889,57.4836,1.2063,0.1927,15.1687,3.0192,0.3919
TCGA-36-1570,2.6317,4.2689,2.2827,1.3471,5.8257,14.3656,6.3338,1.4076,31.439,1.1627,0.8918,2.6679,4.1808,1.2204
TCGA-36-1571,3.7154,4.3104,1.6787,1.0674,7.4172,8.5101,7.7439,1.4115,40.7316,2.3289,0.9723,32.9111,3.0764,1.4329
TCGA-36-1574,11.9399,4.4089,1.3389,1.2507,13.9886,11.0076,9.8932,0.8762,32.6375,4.1317,0.658,21.6621,5.3498,1.9894
TCGA-36-1575,5.1909,5.1842,4.2221,1.4968,8.1225,13.4389,2.4623,0.2779,87.8794,1.6253,1.1814,35.3489,5.4561,1.0024
TCGA-36-1576,7.2799,4.5814,2.0327,0.8553,11.0839,11.1514,8.8184,0.6461,37.4044,1.7266,0.9262,14.9091,2.5588,0.6739
TCGA-36-1577,13.6626,6.0264,1.6672,0.7956,18.133,10.1992,5.9695,2.3008,24.96,0.7527,1.9103,8.1286,5.9419,0.9676
TCGA-36-1578,3.3228,2.5879,2.6687,1.0135,18.9995,14.3989,2.6448,1.966,26.641,1.1646,0.3141,63.9029,6.3135,0.5136
TCGA-36-1580,2.1598,2.0366,1.329,0.8412,10.4791,17.4908,2.5595,0.5767,45.8481,0.6825,0.5223,54.1974,2.7361,0.4006
TCGA-36-1581,5.4321,6.2161,1.4123,1.8532,7.5364,14.8643,5.1264,1.8739,17.0267,4.7508,1.771,39.3097,4.6863,2.098
TCGA-3P-A9WA,4.9284,4.545,5.2631,3.4594,9.0584,9.0958,8.848,0.7053,39.0176,4.699,1.5706,38.4559,5.4243,1.0899
TCGA-57-1582,8.4319,6.0906,1.4943,1.0778,11.8781,18.4425,10.0051,0.3257,34.7147,1.2351,1.8196,44.4341,7.1216,2.4932
TCGA-57-1583,3.3801,4.8482,1.0696,0.9213,5.89,10.5431,3.7957,0.3675,37.0513,1.5413,1.0744,5.6427,4.2668,0.9173
TCGA-57-1584,3.4981,1.8496,2.2942,1.1466,11.0592,8.4656,3.3351,1.8031,26.9246,0.7606,0.1268,31.4876,2.039,0.2395
TCGA-57-1585,3.3247,3.8819,1.3511,0.8884,8.4487,18.8438,3.6795,0.6011,40.2015,0.6948,0.6174,31.1273,3.3633,0.4834
TCGA-57-1586,2.8133,2.7194,1.4416,1.8766,12.4481,13.1446,4.2316,1.8716,19.1522,0.7412,0.8243,85.6606,3.0628,2.2123
TCGA-57-1993,3.0461,3.3399,1.5841,1.8465,8.4678,12.9852,4.3635,0.5455,48.666,3.0694,1.1862,20.3953,3.3476,1.041
TCGA-57-1994,4.3183,3.1177,2.6632,2.0644,9.1126,11.4378,2.2542,1.3356,30.0014,2.6035,1.2535,7.5409,4.2151,0.0649
TCGA-59-2348,2.7544,4.1502,0.572,1.1633,6.5343,23.2442,4.7559,0.2696,64.6629,0.444,1.0694,23.5388,3.6133,0.4728
TCGA-59-2350,8.4636,5.7126,1.3804,1.8658,10.0723,25.4,6.315,0.5129,37.8249,1.8002,1.173,26.2548,2.6413,1.8772
TCGA-59-2351,4.0767,8.3571,1.2335,1.2252,10.1759,19.7828,4.8714,1.2936,37.5147,1.7928,0.7588,6.2506,3.9938,0.6376
TCGA-59-2352,2.9092,2.4831,1.5536,0.725,11.3532,19.2868,2.0816,0.7951,37.2207,0.9491,0.3544,39.8187,3.9357,0.7783
TCGA-59-2354,1.953,1.4925,1.8927,1.1435,12.8827,16.6331,3.2247,1.2905,31.2938,0.7145,0.4776,29.2008,3.771,0.7319
TCGA-59-2355,2.6274,3.8269,1.3487,1.1162,9.9222,12.5363,3.0864,1.1328,38.6952,0.5308,0.4393,5.2284,2.0092,0.5123
TCGA-59-2363,11.5731,5.4457,2.3569,0.5304,10.5147,20.4146,3.9864,1.8811,34.3423,0.095,1.5047,35.0309,2.1244,2.6487
TCGA-59-A5PD,7.5892,4.0618,1.7953,1.3556,9.1245,16.5087,11.9481,0.0974,33.7854,3.6537,2.4378,3.0579,3.3213,1.6977
TCGA-5X-AA5U,6.2711,3.2056,3.1738,2.5198,5.7051,5.8441,5.3868,4.6059,40.2712,4.3125,2.8649,5.0042,5.3276,2.2001
TCGA-61-1721,0.9685,1.5536,2.4789,0.621,10.9481,12.0544,0.4876,3.2916,16.9496,0.5123,0.1618,19.6669,2.2535,0.2803
TCGA-61-1724,2.3283,5.4342,1.2031,2.0958,8.8782,12.0256,4.2487,0.4306,55.6333,0.0938,0.5264,2.5152,4.6903,1.2288
TCGA-61-1725,3.5463,3.7945,1.0529,0.8863,18.9579,23.6691,6.6419,0.5348,29.5955,1.2012,0.4317,55.067,2.3154,0.4688
TCGA-61-1728,3.0095,3.7023,1.7484,0.8197,10.5774,18.0756,4.9625,1.548,53.6527,0.9666,0.7441,37.3243,3.2774,0.3041
TCGA-61-1733,2.6608,1.7744,0.9819,1.3755,14.6739,20.1661,2.2429,0.8975,96.8893,1.1632,0.6227,4.6688,4.977,0.4259
TCGA-61-1736,5.3321,3.7628,2.0279,2.239,8.4346,14.8666,3.3624,2.1113,32.0486,1.9838,1.8383,30.3039,1.8646,0.9949
TCGA-61-1737,9.0211,5.4311,1.0443,1.3455,8.9354,24.2417,3.6816,0.4377,31.6362,4.1726,0.2647,7.0819,5.0484,2.707
TCGA-61-1738,3.207,4.1695,0.7567,0.5539,19.002,22.7212,2.9583,0.4205,22.2483,0.7007,0.7487,35.4396,3.3058,0.5286
TCGA-61-1740,7.6413,3.7166,1.7224,1.1966,14.7747,17.5245,4.7722,0.6087,24.1842,1.1289,1.2673,79.5021,6.1246,1.7896
TCGA-61-1741,8.6724,3.725,1.7381,0.667,6.7332,14.8967,3.587,2.3098,111.1254,3.1366,1.2507,57.698,4.8453,1.5289
TCGA-61-1743,3.3469,6.3387,0.8455,0.8039,8.0092,12.1081,6.0502,0.5574,48.8656,1.3041,0.7704,3.7381,3.4608,0.7027
TCGA-61-1900,8.4146,2.636,1.4129,0.6634,22.5759,13.6382,3.6527,5.001,43.4468,1.0388,1.4403,7.2108,4.8709,2.9624
TCGA-61-1907,5.2352,5.3572,1.6104,0.817,18.0474,14.7929,2.5211,1.0581,26.5927,0.6222,0.3316,5.3773,3.1364,0.5147
TCGA-61-1910,2.2469,1.625,1.1514,1.3196,10.1621,13.4692,2.8495,1.0885,33.0738,0.1034,0.5873,8.0569,3.905,1.3213
TCGA-61-1911,0.9009,4.6952,1.0909,1.208,17.2912,18.3112,2.182,0.6182,48.4432,0.9067,0.8051,32.8565,3.4426,0.2954
TCGA-61-1914,6.1055,8.2969,1.0026,0.9811,21.445,32.3433,3.4959,0.3204,50.104,0.672,0.3568,20.9692,4.675,0.6978
TCGA-61-1918,2.6135,3.5364,1.968,1.2611,13.9674,8.3429,3.8896,1.085,31.9491,0.6191,0.2232,22.4821,4.8833,0.2801
TCGA-61-1919,5.7642,4.8344,1.9533,0.7562,9.6203,21.9228,5.3677,0.4776,29.5175,1.8499,0.6618,32.9916,3.1674,1.069
TCGA-61-1995,10.8143,3.6934,2.7998,1.1547,11.0136,12.2724,5.3321,1.5571,18.7012,2.2798,0.72,27.6299,3.1106,1.0106
TCGA-61-1998,5.4067,2.6557,1.3331,0.9988,6.7948,18.0425,3.8925,1.5988,35.9563,1.0328,0.8498,37.3919,3.5297,0.831
TCGA-61-2000,5.0732,21.4452,1.432,0.8531,9.0645,9.4546,12.1433,0.7306,23.8528,2.3882,1.027,43.9664,4.157,1.6795
TCGA-61-2002,15.2221,4.7502,1.0098,1.1015,12.1387,14.2709,5.2914,0.7179,25.2492,1.4102,0.5363,6.4717,3.742,0.7725
TCGA-61-2003,2.0933,3.0084,1.341,1.247,8.083,14.0777,2.8819,1.0106,48.4304,1.1381,0.644,31.6739,2.7323,0.4572
TCGA-61-2008,3.233,2.4364,1.989,1.1035,17.0312,18.0275,1.2231,1.4678,38.1619,1.1146,0.4611,6.1362,3.7484,0.4454
TCGA-61-2008,6.3928,5.4315,2.2807,1.3099,10.7994,12.077,2.1757,0.6491,35.9185,5.3895,0.9834,4.4958,4.3878,2.6508
TCGA-61-2009,2.2759,4.0107,1.2555,1.0869,12.2175,22.4247,3.1972,0.8745,52.3631,0.9271,0.3867,29.7898,6.0702,0.3505
TCGA-61-2012,3.5556,2.6126,0.9832,0.6631,13.9433,18.455,6.1777,0.5853,52.0963,1.6252,0.8745,97.8906,3.752,0.5975
TCGA-61-2016,3.9703,1.979,1.0132,1.1377,11.0956,10.2431,3.0511,1.4756,23.4409,0.9957,0.2883,3.663,3.7811,0.1023
TCGA-61-2088,2.3806,2.3629,3.9913,1.0029,9.8513,15.6853,2.5273,14.9663,17.1329,1.4091,0.3086,19.9476,1.9804,0.6176
TCGA-61-2092,2.2702,4.6795,1.1403,0.8877,8.0698,16.6518,4.5118,0.1232,14.502,1.775,0.6476,57.5555,3.8622,0.5337
TCGA-61-2094,4.774,7.0722,3.5357,2.2423,4.164,10.4282,3.9595,2.3627,26.7455,0.9417,0.9171,22.8899,3.0269,0.7822
TCGA-61-2095,2.5622,2.2682,3.2339,1.4964,6.4128,20.2261,1.9834,0.9525,45.9623,1.9458,0.7011,21.186,3.668,0.7176
TCGA-61-2097,1.8087,2.8553,1.62,1.212,6.9047,13.1464,1.3758,1.9284,25.1538,0.8077,0.4097,12.7312,2.1113,0.2805
TCGA-61-2098,4.8059,2.4149,1.6686,1.4633,9.2289,12.5535,2.6346,1.7494,58.2336,3.4575,1.3405,27.0598,4.1685,6.5607
TCGA-61-2101,3.3688,8.3121,1.3213,0.9238,11.2604,17.4269,1.9488,0.5631,62.7853,0.8418,0.477,3.6391,3.9118,0.4626
TCGA-61-2102,3.8124,3.841,0.9377,0.8635,6.4562,19.8101,4.7824,1.9716,14.1879,2.7343,1.2381,19.7677,4.495,1.5792
TCGA-61-2104,3.1491,4.7115,1.8059,1.9059,7.0756,16.0102,2.956,0.7574,34.1113,0.8028,0.6289,35.2944,4.7178,0.5036
TCGA-61-2109,11.1432,3.7848,2.9179,1.7661,11.8318,15.284,8.1607,0.9551,30.422,0.7781,0.946,6.4249,2.4082,0.7433
TCGA-61-2110,4.9865,3.7126,1.9631,1.2893,15.0356,18.3985,2.6518,1.7,34.5428,1.3019,1.4364,35.7457,3.2769,0.5064
TCGA-61-2111,2.5609,4.4868,1.33,1.3294,6.2467,12.2454,3.0594,0.485,35.4135,1.4383,1.0069,22.7259,3.8654,1.2217
TCGA-61-2113,5.653,6.5221,1.585,1.1925,5.7372,21.4403,4.1149,0.4201,27.9543,3.0246,0.752,30.5579,3.2067,1.1052
TCGA-OY-A56P,8.7994,3.1226,8.0794,3.0274,4.4286,6.3947,1.792,3.5636,27.2399,3.7376,1.1749,35.7874,5.8571,2.4581
TCGA-OY-A56Q,3.2407,3.1555,2.0717,1.8923,4.6888,3.7778,0.9377,2.7516,31.9363,1.114,0.4923,4.6743,5.5766,0.4394
TCGA-VG-A8LO,10.5441,3.8003,4.4039,2.8514,8.5591,9.8439,4.3895,0.4115,35.1871,0.9206,0.982,24.625,3.7479,0.6454
TCGA-WR-A838,5.2954,4.1665,3.4441,2.2416,5.1175,13.375,5.6572,0.2333,18.8868,1.9617,1.7377,36.9886,2.6423,1.198
